{
  "weigths": [
    [
      -1.3961018942094752,
      0.005986343668861999,
      -1.6438088430493618,
      -0.7927522928201154,
      -0.027368559127693565,
      0.5194510979307454,
      0.025371214425069344,
      0.9338829937553783,
      -0.4646027929971196,
      0.8489561985458398,
      -0.5276607973321257,
      0.46406121413391305,
      0.3093339369157057,
      -0.3651958825211676,
      0.4492649920575799,
      -0.24798894054499832,
      0.612602283992177,
      0.8967571557132235,
      0.055495089290344024,
      -0.1900885492676058,
      -0.6046763027737485,
      -1.2019860939243563,
      0.6199203543385052,
      -0.0844544004363384,
      0.07275957682725148,
      0.9924430240383881,
      0.3965271067541036,
      -0.8572060926438336,
      -0.8510267742630311,
      0.6441031721272286,
      -0.014260947795843165,
      -0.17446839586189278,
      1.602920986967959,
      0.10382528649058337,
      -0.06672325944989255,
      -0.3334841682397055,
      0.030362206801328118,
      1.336666531032024,
      1.470660927138368,
      -0.10280543501584988,
      0.017413167294606124,
      -0.5119767187554651,
      -1.1339836566431103,
      -1.1117281880077807,
      0.16941258599441383,
      -0.0919285339656606,
      -0.3501673262005485,
      0.9814106701388214,
      0.23886005663777576,
      -0.9859600470118837,
      -0.4743728310848661,
      0.34081473291544234,
      0.36856322673368785,
      1.2591678494077485,
      0.5299913362790019,
      -0.48847627218641376,
      -0.17624448199854603,
      0.3492267127175465,
      -0.9822492681040229,
      -0.5065764411941085
    ],
    [
      -0.7765951826387032,
      1.245859167198466,
      0.871906261280448,
      0.16861716845050917,
      1.0129501960677787,
      -0.30626851911372355,
      -0.1638987896761358,
      -0.4715672734463067,
      -0.35423431132505306,
      1.5111997751445958,
      -0.8189440883620818,
      -0.7257259063918322,
      -1.0468355365414441,
      -0.8987896357876335,
      -0.7557727452223557,
      1.2388567724907475,
      -0.792729495319813,
      -1.1169886036593604,
      -1.045744213022377,
      0.7078814055957889,
      -0.12840331307248082,
      0.09495267152226966,
      -0.6697086359686734,
      0.05961006099257804,
      1.9515878490447214,
      -0.4462309339281312,
      2.1191797815202342,
      -1.0249296074571426,
      -0.696632014488406,
      -0.24928747181698763
    ]
  ],
  "biases": [
    [
      -0.2084830272934116,
      -0.4003499968734271,
      -0.06191523295815199,
      0.29192472337881065,
      -0.034928953643939,
      -0.13467528471337753,
      0.050227635384173464,
      0.07803427212313346,
      0.17588026414627428,
      -0.12064538970040935
    ],
    [
      -0.2425795939585692,
      -0.011336873729618224,
      0.26311454383289534
    ]
  ],
  "generation": 93
}
