{
  "weigths": [
    [
      -1.2721332144568782,
      0.15704332622783973,
      -1.494884450653903,
      -0.5188689250732916,
      0.34195028476077555,
      0.6937374415944746,
      -0.08990838947418779,
      0.5284057922085295,
      -0.8263081593983315,
      0.7565879853144504,
      -0.2612217706789013,
      0.5968406905902601,
      0.07722408172421175,
      -0.3651958825211676,
      0.3182235182472382,
      -0.07790422472539868,
      0.5395064160346466,
      1.0403923989142836,
      0.12502973440958126,
      -0.22273896582267236,
      -0.7757579540266017,
      -1.263205254020322,
      0.5098364987831534,
      -0.15331108631310336,
      0.08443412711273068,
      1.0565979345158563,
      0.3965271067541036,
      -1.122919835610273,
      -1.309401200937754,
      0.6693449420719109,
      0.07568069630257218,
      -0.2604235631304611,
      1.7475175928195006,
      -0.584445425047891,
      0.2628026079699121,
      -0.3334841682397055,
      0.20315400571785558,
      1.154060119732622,
      1.0583791689762274,
      -0.167438613060953,
      -0.4070666030532039,
      -0.49463600235096405,
      -1.421502181837051,
      -1.000917070930494,
      0.583527153921964,
      -0.017850524354937336,
      -0.5596760473381945,
      0.9937770925929301,
      0.09957940992046327,
      -1.1206862949779526,
      -0.7415615048009556,
      0.5777388666285459,
      0.4637365522734122,
      0.9074922857740184,
      0.49273629296417515,
      -0.7771105161361862,
      -0.46835856605739273,
      1.0472718797420073,
      -0.7874508532138322,
      -0.825132097542036
    ],
    [
      -0.7066156904413634,
      1.2209198532433663,
      0.7322577208244194,
      0.3107842105498852,
      1.3286628138626635,
      -0.3645707823721162,
      -0.4525947865780325,
      -0.4972304368928211,
      -0.20463551821090198,
      1.4577736889404551,
      -1.2129776127523746,
      -1.071767003302034,
      -1.0139599979721259,
      -1.2075846555934429,
      -0.6637873241924364,
      1.0491029533671472,
      -0.8320514015019065,
      -1.2592593515518826,
      -1.1115161394429283,
      0.8644246533879651,
      0.25015037408530716,
      0.3509860209808671,
      -0.6050578819646741,
      -0.03848429531839703,
      2.1179310751071685,
      -0.28786771745401657,
      1.7648822449999062,
      -1.0384235524085894,
      -0.9080379326744181,
      -0.4685044103525451
    ]
  ],
  "biases": [
    [
      -0.23512167847938006,
      -0.2292059216796363,
      -0.1284290291839706,
      0.07646272866585452,
      -0.13550792906898004,
      -0.10427770611814641,
      0.06251116478427426,
      0.055887634284506105,
      0.2819443773687835,
      0.022958199007455632
    ],
    [
      0.024915561369091732,
      -0.027470094469841472,
      0.04229990936780456
    ]
  ],
  "generation": 130
}
