{
  "weigths": [
    [
      -1.0285801994530077,
      -0.05619552660005528,
      -1.3787621371696488,
      -0.4226718148563742,
      0.12513003742871825,
      0.2775818441535984,
      0.29988086842790934,
      0.7528986105035826,
      -0.298859562718668,
      0.6538010561690895,
      -0.6084469582743284,
      0.3302555181685159,
      0.5353890419525718,
      -0.20738984717075049,
      0.5466919371193903,
      -0.5303140306108132,
      0.5813510048968591,
      0.7969547686259406,
      0.018183039933597878,
      -0.10699128437504826,
      -0.542092456754894,
      -1.1656778246748876,
      0.47147879255777186,
      -0.3025363225129263,
      -0.23071941527515866,
      0.7932623167834045,
      0.2855958067916891,
      -0.5168548953885539,
      -1.1346517146870916,
      0.7990607448151539,
      -0.10080421731382866,
      -0.3500650047148587,
      1.4131590825272873,
      0.2647901660134709,
      0.1791631806626376,
      -0.17248434042292488,
      -0.2594302792866598,
      0.8648496760587234,
      0.8008503502561763,
      -0.1058975368378853,
      -0.052453551243475505,
      -0.7534529521859794,
      -0.5864065194843474,
      -1.1011903081591492,
      0.0024499645722093066,
      -0.1326887280514113,
      -0.31720795829353987,
      0.8626469113420028,
      -0.07621527593550015,
      -0.9537021259994409,
      -0.6090317994023491,
      0.20210925530678348,
      0.5887175856907414,
      1.3723234225511738,
      0.48912651033064786,
      -0.5686385876885928,
      -0.5335287849825057,
      0.09421632068633073,
      -0.6991260836712202,
      -0.31799057099312944
    ],
    [
      -0.6746402801956534,
      1.1004765108454893,
      0.9052559866145793,
      0.2253165322914797,
      1.1422229061344138,
      -0.4624516327139023,
      0.11303930140290525,
      -0.7598624807114747,
      -0.6021952784314966,
      1.3814273628230818,
      -0.49159714949768857,
      -0.6397313963012909,
      -1.0820681466292341,
      -0.9437101627138724,
      -0.5748332251796286,
      0.9873900136579326,
      -0.29596993637025926,
      -0.8998692608321313,
      -1.002071086851607,
      0.5347666050306839,
      0.19861901554091993,
      0.28720233291102737,
      -0.657484440582423,
      0.01154365899771137,
      1.454469415381519,
      -0.4643657546201837,
      1.4144160201489056,
      -0.8281109354454579,
      0.05688029451127097,
      -0.35502566720194884
    ]
  ],
  "biases": [
    [
      -0.07174435313232261,
      -0.3376231850396306,
      -0.055609885369878154,
      0.17772594979528922,
      0.02257220237155047,
      -0.13703762892241014,
      -0.14831067488303556,
      0.33038270602816583,
      -0.13039892701790998,
      -0.00917808327324554
    ],
    [
      0.09543864986927869,
      0.12370602938104758,
      0.13259335761113672
    ]
  ],
  "generation": 48
}
